<?xml version="1.0" encoding="UTF-8"?>
<faces-config
    xmlns="http://xmlns.jcp.org/xml/ns/javaee"
    xmlns:xsi="http://www.w3.org/2001/XMLSchema-instance"
    xsi:schemaLocation="http://xmlns.jcp.org/xml/ns/javaee http://xmlns.jcp.org/xml/ns/javaee/web-facesconfig_2_2.xsd"
    version="2.2">
	<navigation-rule>
		<display-name>signup.html</display-name>
		<from-view-id>/signup.html</from-view-id>
		<navigation-case>
			<from-outcome>success</from-outcome>
			<to-view-id>/signin.html</to-view-id>
		</navigation-case>
	</navigation-rule>
	<navigation-rule>
		<display-name>signup.html</display-name>
		<from-view-id>/signup.html</from-view-id>
		<navigation-case>
			<from-outcome>failure</from-outcome>
			<to-view-id>/signup.html</to-view-id>
		</navigation-case>
	</navigation-rule>

</faces-config>
